{
  "id": "1997994",
  "name": "pre_term",
  "font_family": "iconfont",
  "css_prefix_text": "icon-",
  "description": "",
  "glyphs": [
    {
      "icon_id": "13394257",
      "name": "1",
      "font_class": "icon-test",
      "unicode": "e604",
      "unicode_decimal": 58884
    },
    {
      "icon_id": "13395316",
      "name": "2",
      "font_class": "icon-test1",
      "unicode": "e607",
      "unicode_decimal": 58887
    },
    {
      "icon_id": "13395317",
      "name": "3",
      "font_class": "icon-test2",
      "unicode": "e608",
      "unicode_decimal": 58888
    },
    {
      "icon_id": "13395320",
      "name": "4",
      "font_class": "icon-test3",
      "unicode": "e609",
      "unicode_decimal": 58889
    },
    {
      "icon_id": "13395325",
      "name": "5",
      "font_class": "icon-test4",
      "unicode": "e60a",
      "unicode_decimal": 58890
    },
    {
      "icon_id": "13395326",
      "name": "6",
      "font_class": "icon-test5",
      "unicode": "e60c",
      "unicode_decimal": 58892
    },
    {
      "icon_id": "13395348",
      "name": "7",
      "font_class": "icon-test6",
      "unicode": "e60d",
      "unicode_decimal": 58893
    },
    {
      "icon_id": "13395350",
      "name": "8",
      "font_class": "icon-test7",
      "unicode": "e60e",
      "unicode_decimal": 58894
    },
    {
      "icon_id": "13395351",
      "name": "9",
      "font_class": "icon-test8",
      "unicode": "e60f",
      "unicode_decimal": 58895
    },
    {
      "icon_id": "13395353",
      "name": "0",
      "font_class": "icon-test9",
      "unicode": "e610",
      "unicode_decimal": 58896
    },
    {
      "icon_id": "2504909",
      "name": "踢人",
      "font_class": "tiren",
      "unicode": "e68f",
      "unicode_decimal": 59023
    },
    {
      "icon_id": "1510323",
      "name": "项目",
      "font_class": "project",
      "unicode": "e605",
      "unicode_decimal": 58885
    },
    {
      "icon_id": "5065462",
      "name": "成员",
      "font_class": "shuangsechangyongtubiao-",
      "unicode": "e602",
      "unicode_decimal": 58882
    },
    {
      "icon_id": "5065467",
      "name": "添加成员",
      "font_class": "shuangsechangyongtubiao-1",
      "unicode": "e603",
      "unicode_decimal": 58883
    },
    {
      "icon_id": "4075977",
      "name": "管理",
      "font_class": "guanli",
      "unicode": "e60b",
      "unicode_decimal": 58891
    },
    {
      "icon_id": "7974099",
      "name": "个人管理",
      "font_class": "gerenguanli",
      "unicode": "e606",
      "unicode_decimal": 58886
    },
    {
      "icon_id": "15646064",
      "name": "账号管理",
      "font_class": "zhanghaoguanli",
      "unicode": "e697",
      "unicode_decimal": 59031
    },
    {
      "icon_id": "4294060",
      "name": "文件",
      "font_class": "wenjian",
      "unicode": "e780",
      "unicode_decimal": 59264
    }
  ]
}
